DateTime,Total_Energy,Average_Energy,Maximum_Energy
2018-01-01,351.86,3.6652083333333336,4.28
2018-01-02,3950.43,41.1503125,147.46
2018-01-03,3561.05,37.09427083333333,140.51
2018-01-04,4977.72,51.85125,144.29
2018-01-05,4683.4,48.78541666666666,146.34
2018-01-06,372.96,3.885,4.54
2018-01-07,348.92,3.6345833333333335,4.21
2018-01-08,5318.51,55.40114583333334,145.3
2018-01-09,5488.37,57.170520833333335,136.69
2018-01-10,4445.19,46.30406249999999,143.21
2018-01-11,5314.61,55.36052083333333,137.09
2018-01-12,5206.18,54.23104166666667,143.17
2018-01-13,3075.3,32.034375000000004,112.39
2018-01-14,980.0,10.208333333333334,58.86
2018-01-15,3968.64,41.339999999999996,153.14
2018-01-16,4084.72,42.549166666666665,100.98
2018-01-17,3438.23,35.81489583333333,104.04
2018-01-18,7353.84,76.6025,149.65
2018-01-19,7175.1,74.74062500000001,132.23
2018-01-20,5013.58,52.22479166666667,92.66
2018-01-21,1189.8,12.393749999999999,41.15
2018-01-22,4018.12,41.85541666666666,111.89
2018-01-23,5216.8,54.34166666666667,95.33
2018-01-24,4869.4,50.72291666666666,98.35
2018-01-25,4987.04,51.94833333333333,98.82
2018-01-26,7069.29,73.6384375,144.07
2018-01-27,1662.21,17.3146875,97.42
2018-01-28,1193.85,12.4359375,35.64
2018-01-29,5548.65,57.7984375,142.7
2018-01-30,5233.08,54.51125,130.5
2018-01-31,6141.44,63.97333333333333,143.82
2018-02-01,6114.66,63.694375,145.51
2018-02-02,4048.61,42.17302083333333,112.32
2018-02-03,2715.1,28.282291666666666,41.98
2018-02-04,604.24,6.2941666666666665,36.83
2018-02-05,5028.69,52.38218749999999,125.39
2018-02-06,4741.22,49.387708333333336,131.65
2018-02-07,3677.07,38.3028125,82.62
2018-02-08,4902.05,51.06302083333333,130.79
2018-02-09,5070.37,52.81635416666666,138.64
2018-02-10,801.21,8.3459375,104.72
2018-02-11,413.76,4.31,5.62
2018-02-12,3968.94,41.343125,134.21
2018-02-13,5060.72,52.715833333333336,125.03
2018-02-14,663.1800000000001,6.908125000000001,86.51
2018-02-15,334.54,3.4847916666666667,4.75
2018-02-16,331.64,3.4545833333333333,5.0
2018-02-17,339.23,3.5336458333333334,4.79
2018-02-18,338.39,3.5248958333333333,4.46
2018-02-19,4275.49,44.53635416666666,103.1
2018-02-20,5853.61,60.97510416666666,140.9
2018-02-21,5455.38,56.826875,134.71
2018-02-22,6161.2,64.17916666666666,140.29
2018-02-23,4637.49,48.3071875,138.06
2018-02-24,4856.52,50.588750000000005,93.31
2018-02-25,620.22,6.460625,67.18
2018-02-26,2933.93,30.56177083333333,103.82
2018-02-27,3231.05,33.65677083333333,126.97
2018-02-28,4318.83,44.9878125,135.9
2018-03-01,1674.44,17.442083333333333,86.62
2018-03-02,2697.1,28.094791666666666,107.39
2018-03-03,1556.66,16.215208333333333,85.93
2018-03-04,320.03,3.333645833333333,5.04
2018-03-05,3701.6,38.55833333333333,146.88
2018-03-06,3742.52,38.98458333333333,128.41
2018-03-07,3497.73,36.4346875,127.12
2018-03-08,3358.79,34.98739583333333,121.57
2018-03-09,2264.27,23.586145833333333,95.9
2018-03-10,941.41,9.806354166666667,36.54
2018-03-11,1829.81,19.06052083333333,34.74
2018-03-12,3389.2400000000002,35.30458333333333,109.94
2018-03-13,3477.88,36.227916666666665,111.82
2018-03-14,2778.75,28.9453125,118.33
2018-03-15,4388.0,45.708333333333336,127.69
2018-03-16,4221.04,43.969166666666666,122.94
2018-03-17,2009.56,20.932916666666667,96.7
2018-03-18,306.75,3.1953125,3.89
2018-03-19,3147.16,32.782916666666665,130.21
2018-03-20,2852.02,29.708541666666665,111.56
2018-03-21,3580.62,37.298125,95.54
2018-03-22,3593.9700000000003,37.4371875,138.35
2018-03-23,4757.31,49.55531250000001,151.31
2018-03-24,1307.41,13.618854166666667,39.24
2018-03-25,1246.34,12.982708333333333,37.4
2018-03-26,2888.37,30.0871875,99.25
2018-03-27,2384.91,24.842812499999997,66.38
2018-03-28,2368.05,24.6671875,67.86
2018-03-29,3185.04,33.1775,116.39
2018-03-30,2474.34,25.774375000000003,75.2
2018-03-31,289.29,3.0134375,3.67
2018-04-01,289.82,3.0189583333333334,3.74
2018-04-02,3031.52,31.578333333333333,111.67
2018-04-03,4069.87,42.39447916666666,114.88
2018-04-04,2331.25,24.283854166666668,74.63
2018-04-05,2741.09,28.553020833333335,77.51
2018-04-06,4166.75,43.403645833333336,111.13
2018-04-07,2550.03,26.562812500000003,102.92
2018-04-08,2067.65,21.538020833333334,102.78
2018-04-09,3898.05,40.604687500000004,121.61
2018-04-10,2864.47,29.838229166666665,117.47
2018-04-11,3232.41,33.6709375,117.58
2018-04-12,2907.03,30.281562500000003,125.89
2018-04-13,2517.62,26.22520833333333,73.8
2018-04-14,1301.19,13.5540625,39.28
2018-04-15,319.57,3.3288541666666664,3.96
2018-04-16,2910.95,30.32239583333333,81.97
2018-04-17,4124.27,42.96114583333334,127.73
2018-04-18,3074.54,32.02645833333333,121.18
2018-04-19,2764.79,28.799895833333334,76.18
2018-04-20,3360.04,35.000416666666666,124.7
2018-04-21,1812.66,18.881875,89.57
2018-04-22,1215.63,12.662812500000001,36.68
2018-04-23,2750.05,28.64635416666667,82.55
2018-04-24,2886.53,30.068020833333335,86.26
2018-04-25,3465.59,36.099895833333335,117.68
2018-04-26,4122.19,42.939479166666665,132.41
2018-04-27,3644.21,37.960520833333334,119.45
2018-04-28,1652.59,17.214479166666667,79.99
2018-04-29,290.65,3.0276041666666664,3.78
2018-04-30,2406.79,25.070729166666666,139.03
2018-05-01,298.65,3.1109375,3.78
2018-05-02,4468.95,46.551562499999996,129.46
2018-05-03,4245.57,44.224687499999995,137.38
2018-05-04,2451.4700000000003,25.536145833333336,103.54
2018-05-05,307.44,3.2025,4.68
2018-05-06,304.49,3.1717708333333334,3.82
2018-05-07,4868.65,50.71510416666666,131.33
2018-05-08,3403.93,35.45760416666666,140.04
2018-05-09,2804.96,29.218333333333334,76.68
2018-05-10,2939.89,30.623854166666664,76.97
2018-05-11,2692.15,28.043229166666666,71.93
2018-05-12,736.88,7.675833333333333,25.74
2018-05-13,301.07,3.1361458333333334,3.85
2018-05-14,2851.54,29.703541666666666,75.49
2018-05-15,3660.68,38.132083333333334,119.34
2018-05-16,3913.08,40.76125,126.07
2018-05-17,4456.38,46.420625,133.78
2018-05-18,3036.04,31.625416666666666,120.49
2018-05-19,1639.86,17.081875,59.04
2018-05-20,668.92,6.9679166666666665,26.6
2018-05-21,2691.5,28.036458333333332,79.6
2018-05-22,2157.01,22.46885416666667,92.09
2018-05-23,4173.0,43.46875,133.06
2018-05-24,4300.55,44.79739583333333,134.89
2018-05-25,2548.58,26.547708333333333,78.16
2018-05-26,1281.68,13.350833333333334,41.72
2018-05-27,290.77,3.0288541666666666,3.71
2018-05-28,2749.15,28.636979166666666,78.59
2018-05-29,2324.5,24.213541666666668,69.88
2018-05-30,3745.29,39.0134375,116.1
2018-05-31,2746.65,28.610937500000002,133.13
2018-06-01,2050.08,21.355,72.14
2018-06-02,367.47,3.8278125000000003,24.48
2018-06-03,292.88,3.0508333333333333,4.0
2018-06-04,3721.99,38.77072916666666,117.79
2018-06-05,4079.94,42.499375,125.6
2018-06-06,3042.13,31.68885416666667,127.48
2018-06-07,3099.4900000000002,32.28635416666667,112.5
2018-06-08,2352.75,24.5078125,63.54
2018-06-09,292.79,3.0498958333333337,3.71
2018-06-10,294.36,3.06625,3.71
2018-06-11,3599.09,37.490520833333335,133.85
2018-06-12,3573.11,37.21989583333333,115.24
2018-06-13,1392.99,14.5103125,105.16
2018-06-14,3007.9900000000002,31.33322916666667,113.08
2018-06-15,3201.5099999999998,33.349062499999995,101.74
2018-06-16,667.33,6.951354166666667,28.37
2018-06-17,285.71000000000004,2.9761458333333337,3.64
2018-06-18,3217.85,33.51927083333333,111.78
2018-06-19,2540.38,26.46229166666667,91.91
2018-06-20,3418.16,35.60583333333333,110.99
2018-06-21,2313.45,24.0984375,61.74
2018-06-22,2550.47,26.567395833333332,69.08
2018-06-23,1309.57,13.641354166666666,45.68
2018-06-24,834.54,8.693125,29.41
2018-06-25,3149.67,32.8090625,116.35
2018-06-26,2465.99,25.68739583333333,108.04
2018-06-27,2116.46,22.046458333333334,88.13
2018-06-28,2415.64,25.162916666666664,88.34
2018-06-29,2292.54,23.880625,61.85
2018-06-30,1458.31,15.190729166666666,58.57
2018-07-01,287.83,2.9982291666666665,3.85
2018-07-02,2706.85,28.196354166666666,87.7
2018-07-03,3424.19,35.668645833333336,113.26
2018-07-04,3061.12,31.886666666666667,118.98
2018-07-05,3522.44,36.692083333333336,121.68
2018-07-06,4547.3,47.36770833333333,118.91
2018-07-07,2590.2,26.98125,110.27
2018-07-08,2461.61,25.641770833333336,116.78
2018-07-09,2614.52,27.234583333333333,69.62
2018-07-10,3402.88,35.446666666666665,118.91
2018-07-11,2500.51,26.04697916666667,111.2
2018-07-12,2573.61,26.8084375,75.74
2018-07-13,2624.23,27.335729166666667,65.66
2018-07-14,1750.78,18.237291666666668,84.49
2018-07-15,3529.94,36.770208333333336,111.92
2018-07-16,3147.13,32.782604166666665,101.27
2018-07-17,3263.25,33.9921875,108.4
2018-07-18,2265.38,23.597708333333333,76.1
2018-07-19,3745.04,39.01083333333333,111.42
2018-07-20,3040.88,31.675833333333333,102.35
2018-07-21,1443.69,15.0384375,51.77
2018-07-22,284.92,2.967916666666667,3.67
2018-07-23,3162.77,32.94552083333333,103.43
2018-07-24,3403.48,35.45291666666667,105.37
2018-07-25,3148.76,32.79958333333334,113.47
2018-07-26,2665.58,27.766458333333333,107.17
2018-07-27,2480.24,25.83583333333333,67.57
2018-07-28,1667.1399999999999,17.366041666666664,71.53
2018-07-29,1178.97,12.2809375,35.89
2018-07-30,3069.89,31.978020833333332,106.52
2018-07-31,2109.28,21.971666666666668,115.56
2018-08-01,268.01,2.791770833333333,3.35
2018-08-02,276.0,2.875,3.74
2018-08-03,285.38,2.9727083333333333,3.64
2018-08-04,275.43,2.8690625,3.53
2018-08-05,288.04,3.0004166666666667,3.67
2018-08-06,3574.9500000000003,37.2390625,118.12
2018-08-07,3458.15,36.022395833333334,112.21
2018-08-08,3577.76,37.26833333333334,123.16
2018-08-09,3440.11,35.83447916666667,133.06
2018-08-10,4047.82,42.164791666666666,131.0
2018-08-11,2955.35,30.784895833333334,111.38
2018-08-12,283.9,2.9572916666666664,3.64
2018-08-13,4432.89,46.1759375,119.92
2018-08-14,4058.7599999999998,42.278749999999995,119.34
2018-08-15,2753.9,28.686458333333334,113.98
2018-08-16,2977.12,31.011666666666667,116.6
2018-08-17,2967.2400000000002,30.90875,118.76
2018-08-18,2277.17,23.720520833333335,115.38
2018-08-19,287.2,2.9916666666666667,4.32
2018-08-20,3397.81,35.393854166666664,133.7
2018-08-21,2590.42,26.983541666666667,75.78
2018-08-22,2076.07,21.62572916666667,68.76
2018-08-23,2655.04,27.656666666666666,79.13
2018-08-24,2625.28,27.346666666666668,68.58
2018-08-25,355.63,3.7044791666666668,7.13
2018-08-26,377.13,3.9284375,8.42
2018-08-27,2136.69,22.2571875,68.65
2018-08-28,2372.03,24.708645833333335,66.74
2018-08-29,2427.01,25.28135416666667,63.76
2018-08-30,2466.3,25.690625,100.58
2018-08-31,2594.84,27.029583333333335,113.04
2018-09-01,1388.77,14.466354166666667,50.62
2018-09-02,1284.3,13.378124999999999,57.38
2018-09-03,2599.39,27.076979166666664,118.04
2018-09-04,4120.7,42.92395833333333,122.65
2018-09-05,2998.32,31.2325,111.92
2018-09-06,2787.21,29.0334375,70.38
2018-09-07,4184.71,43.59072916666667,118.69
2018-09-08,1382.37,14.399687499999999,53.06
2018-09-09,680.52,7.08875,29.59
2018-09-10,2978.38,31.02479166666667,122.54
2018-09-11,3782.94,39.405625,125.89
2018-09-12,3005.6,31.308333333333334,126.25
2018-09-13,3207.7599999999998,33.41416666666667,123.55
2018-09-14,2421.4700000000003,25.223645833333336,111.78
2018-09-15,1358.41,14.150104166666667,48.78
2018-09-16,276.83,2.883645833333333,3.56
2018-09-17,3310.03,34.47947916666667,122.54
2018-09-18,2647.58,27.578958333333333,66.35
2018-09-19,1753.96,18.270416666666666,61.09
2018-09-20,2457.4,25.597916666666666,70.49
2018-09-21,1088.11,11.334479166666666,59.83
2018-09-22,277.93,2.8951041666666666,4.5
2018-09-23,267.44,2.785833333333333,4.0
2018-09-24,272.09,2.834270833333333,4.43
2018-09-25,264.53000000000003,2.7555208333333336,3.85
2018-09-26,259.46,2.7027083333333333,3.31
2018-09-27,2810.24,29.27333333333333,127.62
2018-09-28,2290.36,23.857916666666668,64.87
2018-09-29,1461.0,15.21875,51.59
2018-09-30,265.26,2.763125,3.46
2018-10-01,2200.01,22.916770833333334,55.84
2018-10-02,3197.74,33.30979166666666,128.66
2018-10-03,2029.47,21.1403125,87.88
2018-10-04,2968.54,30.922291666666666,75.2
2018-10-05,2510.82,26.154375,59.65
2018-10-06,3121.32,32.51375,112.1
2018-10-07,264.23,2.7523958333333334,3.49
2018-10-08,4057.45,42.26510416666667,112.93
2018-10-09,2571.0099999999998,26.781354166666663,117.5
2018-10-10,4200.28,43.752916666666664,120.82
2018-10-11,3952.42,41.17104166666667,138.02
2018-10-12,2764.38,28.795625,121.72
2018-10-13,1735.84,18.081666666666667,106.67
2018-10-14,288.49,3.005104166666667,4.43
2018-10-15,4431.24,46.15875,135.54
2018-10-16,3332.5,34.713541666666664,122.8
2018-10-17,3061.21,31.887604166666666,127.04
2018-10-18,2996.08,31.209166666666665,128.88
2018-10-19,3812.04,39.70875,122.98
2018-10-20,2572.43,26.79614583333333,104.51
2018-10-21,362.57,3.7767708333333334,24.88
2018-10-22,3109.09,32.38635416666667,120.28
2018-10-23,3710.86,38.65479166666667,125.28
2018-10-24,2412.29,25.128020833333334,129.85
2018-10-25,3005.51,31.307395833333334,84.06
2018-10-26,3206.45,33.40052083333333,122.69
2018-10-27,1575.63,16.4128125,53.89
2018-10-28,292.97,3.0517708333333338,4.82
2018-10-29,3918.15,40.8140625,134.6
2018-10-30,3023.8,31.49791666666667,113.98
2018-10-31,3980.83,41.46697916666667,139.43
2018-11-01,2867.08,29.865416666666665,120.17
2018-11-02,3029.44,31.55666666666667,82.98
2018-11-03,1906.57,19.860104166666666,92.59
2018-11-04,2398.65,24.985937500000002,95.15
2018-11-05,3336.57,34.7559375,94.86
2018-11-06,2789.03,29.052395833333335,85.75
2018-11-07,2640.3,27.503125,70.52
2018-11-08,3107.78,32.372708333333335,109.08
2018-11-09,3119.25,32.4921875,108.5
2018-11-10,1811.0,18.864583333333332,67.68
2018-11-11,291.4,3.0354166666666664,4.28
2018-11-12,3788.05,39.45885416666667,123.73
2018-11-13,4726.84,49.23791666666667,130.46
2018-11-14,3266.65,34.02760416666667,123.77
2018-11-15,3685.33,38.38885416666667,125.71
2018-11-16,3283.23,34.2003125,122.8
2018-11-17,3401.46,35.431875,133.42
2018-11-18,1432.73,14.924270833333333,86.22
2018-11-19,2812.5,29.296875,72.18
2018-11-20,2139.9,22.290625000000002,78.98
2018-11-21,4292.86,44.71729166666666,127.4
2018-11-22,4281.03,44.5940625,157.18
2018-11-23,3685.34,38.388958333333335,110.48
2018-11-24,359.49,3.7446875,5.9
2018-11-25,301.64,3.1420833333333333,4.93
2018-11-26,3501.44,36.473333333333336,94.43
2018-11-27,4266.93,44.447187500000005,151.67
2018-11-28,3833.22,39.929375,111.78
2018-11-29,3200.0,33.333333333333336,128.41
2018-11-30,2661.9,27.728125000000002,73.26
2018-12-01,805.5699999999999,8.391354166666666,30.56
2018-12-02,370.79,3.8623958333333337,5.54
2018-12-03,2728.33,28.420104166666665,76.03
2018-12-04,2807.68,29.246666666666666,84.1
2018-12-05,2486.63,25.902395833333333,109.3
2018-12-06,2791.67,29.079895833333335,76.86
2018-12-07,2672.51,27.838645833333334,72.11
2018-12-08,1573.66,16.39229166666667,55.69
2018-12-09,339.98,3.5414583333333334,4.18
2018-12-10,2475.66,25.788124999999997,72.9
2018-12-11,3202.05,33.354687500000004,84.24
2018-12-12,3276.02,34.12520833333333,86.51
2018-12-13,3307.45,34.45260416666667,105.37
2018-12-14,4129.66,43.017291666666665,134.5
2018-12-15,361.12,3.7616666666666667,5.36
2018-12-16,2014.66,20.98604166666667,72.18
2018-12-17,2209.12,23.011666666666667,85.86
2018-12-18,3078.96,32.0725,127.58
2018-12-19,3456.95,36.00989583333333,149.18
2018-12-20,2512.3,26.16979166666667,83.16
2018-12-21,2297.7000000000003,23.934375000000003,73.12
2018-12-22,364.13,3.7930208333333333,5.51
2018-12-23,368.43,3.8378125,5.54
2018-12-24,1940.26,20.211041666666667,69.55
2018-12-25,350.5,3.6510416666666665,5.04
2018-12-26,2006.84,20.90458333333333,78.23
2018-12-27,2613.87,27.2278125,76.03
2018-12-28,1838.58,19.151875,66.82
2018-12-29,377.42,3.9314583333333335,26.17
2018-12-30,339.2,3.533333333333333,4.97
2018-12-31,339.08,3.532083333333333,4.21
