Hour,Average_Energy,Maximum_Energy,Total_Energy
0,7.8700753424657535,105.55,11490.31
1,6.072479452054794,104.94,8865.82
2,4.428390410958904,87.73,6465.45
3,4.358041095890411,87.55,6362.74
4,4.309438356164383,92.12,6291.78
5,4.245547945205479,91.84,6198.5
6,4.223705479452055,92.66,6166.61
7,4.502075342465753,91.66,6573.03
8,37.70479452054794,137.09,55049.0
9,58.55173287671233,157.18,85485.53
10,55.87473287671233,140.04,81577.11
11,57.09745890410959,151.67,83362.29
12,18.461000000000002,146.48,26953.06
13,39.0195,153.14,56968.47
14,56.1552602739726,149.18,81986.68
15,55.63754109589041,145.22,81230.81
16,55.79958219178082,147.46,81467.39
17,43.83309589041096,149.65,63996.32
18,33.020931506849315,144.07,48210.56
19,38.208513698630135,143.78,55784.43
20,37.47722602739726,145.3,54716.75
21,13.777363013698631,113.51,20114.95
22,8.658917808219178,107.89,12642.02
23,7.998013698630137,107.82,11677.1
