Month,Month_Name,Total_Energy,Average_Energy,Maximum_Energy
1,January,126238.29,42.41878024193548,153.14
2,February,91497.34,34.03918898809523,145.51
3,March,80230.41,26.959143145161292,151.31
4,April,78769.8,27.350625,139.03
5,May,79059.28,26.565618279569893,140.04
6,June,65404.64,22.709944444444446,133.85
7,July,81674.41,27.444358198924732,121.68
8,August,68559.43,23.037442876344084,133.7
9,September,57883.07,20.098288194444443,127.62
10,October,84665.65,28.449479166666666,139.43
11,November,86217.61,29.93667013888889,157.18
12,December,59436.78,19.97203629032258,149.18
