DateTime,Energy_Consumption_kWh,Lagging_Reactive_Power_kVarh,Leading_Reactive_Power_kVarh,CO2_tCO2,Lagging_Power_Factor,Leading_Power_Factor,Seconds_From_Midnight,Week_Status,Day_of_Week,Load_Type,Year,Month,Month_Name,Day,Hour,Minute,Time_Period,Day_of_Week_Number
2018-01-02 11:15:00,128.52,70.85,0.0,0.0,87.57,100.0,40500,Weekday,Tuesday,Maximum_Load,2018,1,January,2,11,15,Morning,2
2018-01-02 11:30:00,144.47,78.48,0.0,0.0,87.87,100.0,41400,Weekday,Tuesday,Maximum_Load,2018,1,January,2,11,30,Morning,2
2018-01-02 12:00:00,123.3,66.06,0.0,0.0,88.15,100.0,43200,Weekday,Tuesday,Maximum_Load,2018,1,January,2,12,0,Afternoon,2
2018-01-02 13:45:00,124.45,49.79,0.0,0.0,92.85,100.0,49500,Weekday,Tuesday,Medium_Load,2018,1,January,2,13,45,Afternoon,2
2018-01-02 14:30:00,129.1,53.5,0.0,0.0,92.38,100.0,52200,Weekday,Tuesday,Medium_Load,2018,1,January,2,14,30,Afternoon,2
2018-01-02 15:00:00,143.89,60.91,0.0,0.0,92.09,100.0,54000,Weekday,Tuesday,Medium_Load,2018,1,January,2,15,0,Afternoon,2
2018-01-02 15:30:00,141.44,62.57,0.0,0.0,91.45,100.0,55800,Weekday,Tuesday,Medium_Load,2018,1,January,2,15,30,Afternoon,2
2018-01-02 16:00:00,129.31,61.16,0.0,0.0,90.4,100.0,57600,Weekday,Tuesday,Medium_Load,2018,1,January,2,16,0,Afternoon,2
2018-01-02 16:15:00,136.44,56.77,0.0,0.0,92.33,100.0,58500,Weekday,Tuesday,Medium_Load,2018,1,January,2,16,15,Afternoon,2
2018-01-02 16:45:00,147.46,65.27,0.0,0.0,91.44,100.0,60300,Weekday,Tuesday,Medium_Load,2018,1,January,2,16,45,Afternoon,2
2018-01-03 17:15:00,140.51,52.96,0.0,0.06,93.57,100.0,62100,Weekday,Wednesday,Maximum_Load,2018,1,January,3,17,15,Afternoon,3
2018-01-03 17:45:00,125.96,39.2,0.0,0.06,95.48,100.0,63900,Weekday,Wednesday,Maximum_Load,2018,1,January,3,17,45,Afternoon,3
2018-01-04 08:30:00,136.19,74.88,0.0,0.06,87.63,100.0,30600,Weekday,Thursday,Light_Load,2018,1,January,4,8,30,Morning,4
2018-01-04 09:00:00,131.18,53.6,0.0,0.06,92.57,100.0,32400,Weekday,Thursday,Light_Load,2018,1,January,4,9,0,Morning,4
2018-01-04 09:15:00,136.04,56.7,0.0,0.06,92.3,100.0,33300,Weekday,Thursday,Medium_Load,2018,1,January,4,9,15,Morning,4
2018-01-04 09:30:00,128.02,46.22,0.0,0.06,94.06,100.0,34200,Weekday,Thursday,Medium_Load,2018,1,January,4,9,30,Morning,4
2018-01-04 09:45:00,132.84,53.53,0.0,0.06,92.75,100.0,35100,Weekday,Thursday,Medium_Load,2018,1,January,4,9,45,Morning,4
2018-01-04 10:15:00,124.78,38.95,0.0,0.06,95.46,100.0,36900,Weekday,Thursday,Maximum_Load,2018,1,January,4,10,15,Morning,4
2018-01-04 10:45:00,128.81,41.04,0.0,0.06,95.28,100.0,38700,Weekday,Thursday,Maximum_Load,2018,1,January,4,10,45,Morning,4
2018-01-04 11:30:00,131.83,61.2,0.0,0.06,90.7,100.0,41400,Weekday,Thursday,Maximum_Load,2018,1,January,4,11,30,Morning,4
2018-01-04 12:00:00,128.05,60.55,0.0,0.06,90.4,100.0,43200,Weekday,Thursday,Maximum_Load,2018,1,January,4,12,0,Afternoon,4
2018-01-04 13:30:00,135.43,51.95,0.0,0.06,93.37,100.0,48600,Weekday,Thursday,Medium_Load,2018,1,January,4,13,30,Afternoon,4
2018-01-04 15:45:00,138.06,51.8,0.0,0.06,93.63,100.0,56700,Weekday,Thursday,Medium_Load,2018,1,January,4,15,45,Afternoon,4
2018-01-04 16:15:00,144.29,54.94,0.0,0.07,93.45,100.0,58500,Weekday,Thursday,Medium_Load,2018,1,January,4,16,15,Afternoon,4
2018-01-04 17:15:00,130.61,43.88,0.0,0.06,94.79,100.0,62100,Weekday,Thursday,Maximum_Load,2018,1,January,4,17,15,Afternoon,4
2018-01-05 09:00:00,136.48,59.44,0.0,0.06,91.68,100.0,32400,Weekday,Friday,Light_Load,2018,1,January,5,9,0,Morning,5
2018-01-05 10:00:00,132.16,45.47,0.0,0.06,94.56,100.0,36000,Weekday,Friday,Medium_Load,2018,1,January,5,10,0,Morning,5
2018-01-05 10:30:00,128.56,45.4,0.0,0.06,94.29,100.0,37800,Weekday,Friday,Maximum_Load,2018,1,January,5,10,30,Morning,5
2018-01-05 10:45:00,132.48,46.04,0.0,0.06,94.46,100.0,38700,Weekday,Friday,Maximum_Load,2018,1,January,5,10,45,Morning,5
2018-01-05 11:15:00,129.85,63.86,0.0,0.06,89.74,100.0,40500,Weekday,Friday,Maximum_Load,2018,1,January,5,11,15,Morning,5
2018-01-05 11:45:00,130.03,63.79,0.0,0.06,89.78,100.0,42300,Weekday,Friday,Maximum_Load,2018,1,January,5,11,45,Morning,5
2018-01-05 13:30:00,124.63,41.83,0.0,0.06,94.8,100.0,48600,Weekday,Friday,Medium_Load,2018,1,January,5,13,30,Afternoon,5
2018-01-05 14:45:00,132.23,59.04,0.0,0.06,91.31,100.0,53100,Weekday,Friday,Medium_Load,2018,1,January,5,14,45,Afternoon,5
2018-01-05 15:30:00,129.85,56.52,0.0,0.06,91.69,100.0,55800,Weekday,Friday,Medium_Load,2018,1,January,5,15,30,Afternoon,5
2018-01-05 16:00:00,146.34,66.92,0.0,0.07,90.94,100.0,57600,Weekday,Friday,Medium_Load,2018,1,January,5,16,0,Afternoon,5
2018-01-05 16:30:00,129.67,60.62,0.0,0.06,90.59,100.0,59400,Weekday,Friday,Medium_Load,2018,1,January,5,16,30,Afternoon,5
2018-01-05 17:15:00,145.69,66.35,0.0,0.07,91.01,100.0,62100,Weekday,Friday,Maximum_Load,2018,1,January,5,17,15,Afternoon,5
2018-01-08 08:30:00,130.54,77.8,0.0,0.06,85.9,100.0,30600,Weekday,Monday,Light_Load,2018,1,January,8,8,30,Morning,1
2018-01-08 09:45:00,136.15,51.37,0.0,0.06,93.56,100.0,35100,Weekday,Monday,Medium_Load,2018,1,January,8,9,45,Morning,1
2018-01-08 10:15:00,135.04,55.8,0.0,0.06,92.42,100.0,36900,Weekday,Monday,Maximum_Load,2018,1,January,8,10,15,Morning,1
2018-01-08 10:45:00,139.39,58.9,0.0,0.06,92.11,100.0,38700,Weekday,Monday,Maximum_Load,2018,1,January,8,10,45,Morning,1
2018-01-08 11:15:00,138.38,74.63,0.0,0.06,88.02,100.0,40500,Weekday,Monday,Maximum_Load,2018,1,January,8,11,15,Morning,1
2018-01-08 11:30:00,125.46,70.7,0.0,0.06,87.12,100.0,41400,Weekday,Monday,Maximum_Load,2018,1,January,8,11,30,Morning,1
2018-01-08 15:45:00,126.43,56.84,0.0,0.06,91.21,100.0,56700,Weekday,Monday,Medium_Load,2018,1,January,8,15,45,Afternoon,1
2018-01-08 16:45:00,136.98,53.93,0.0,0.06,93.05,100.0,60300,Weekday,Monday,Medium_Load,2018,1,January,8,16,45,Afternoon,1
2018-01-08 17:15:00,131.54,49.21,0.0,0.06,93.66,100.0,62100,Weekday,Monday,Maximum_Load,2018,1,January,8,17,15,Afternoon,1
2018-01-08 18:30:00,129.35,72.29,0.0,0.06,87.29,100.0,66600,Weekday,Monday,Maximum_Load,2018,1,January,8,18,30,Evening,1
2018-01-08 18:45:00,126.97,57.35,0.0,0.06,91.13,100.0,67500,Weekday,Monday,Maximum_Load,2018,1,January,8,18,45,Evening,1
2018-01-08 19:30:00,143.78,64.3,0.0,0.07,91.29,100.0,70200,Weekday,Monday,Maximum_Load,2018,1,January,8,19,30,Evening,1
2018-01-08 20:00:00,145.3,61.74,0.0,0.07,92.04,100.0,72000,Weekday,Monday,Maximum_Load,2018,1,January,8,20,0,Evening,1
2018-01-08 20:30:00,134.78,46.22,0.0,0.06,94.59,100.0,73800,Weekday,Monday,Medium_Load,2018,1,January,8,20,30,Evening,1
2018-01-09 09:00:00,128.38,51.88,0.0,0.06,92.72,100.0,32400,Weekday,Tuesday,Light_Load,2018,1,January,9,9,0,Morning,2
2018-01-09 09:30:00,132.91,50.94,0.0,0.06,93.38,100.0,34200,Weekday,Tuesday,Medium_Load,2018,1,January,9,9,30,Morning,2
2018-01-09 10:00:00,132.01,48.02,0.0,0.06,93.98,100.0,36000,Weekday,Tuesday,Medium_Load,2018,1,January,9,10,0,Morning,2
2018-01-09 10:45:00,128.81,45.83,0.0,0.06,94.21,100.0,38700,Weekday,Tuesday,Maximum_Load,2018,1,January,9,10,45,Morning,2
2018-01-09 11:15:00,136.19,70.96,0.0,0.06,88.68,100.0,40500,Weekday,Tuesday,Maximum_Load,2018,1,January,9,11,15,Morning,2
2018-01-09 11:45:00,125.71,66.31,0.0,0.06,88.45,100.0,42300,Weekday,Tuesday,Maximum_Load,2018,1,January,9,11,45,Morning,2
2018-01-09 13:30:00,136.69,50.94,0.0,0.06,93.7,100.0,48600,Weekday,Tuesday,Medium_Load,2018,1,January,9,13,30,Afternoon,2
2018-01-09 14:00:00,126.83,42.95,0.0,0.06,94.72,100.0,50400,Weekday,Tuesday,Medium_Load,2018,1,January,9,14,0,Afternoon,2
2018-01-09 14:30:00,127.73,45.54,0.0,0.06,94.19,100.0,52200,Weekday,Tuesday,Medium_Load,2018,1,January,9,14,30,Afternoon,2
2018-01-09 15:00:00,124.92,40.39,0.0,0.06,95.15,100.0,54000,Weekday,Tuesday,Medium_Load,2018,1,January,9,15,0,Afternoon,2
2018-01-09 16:00:00,123.3,49.03,0.0,0.06,92.92,100.0,57600,Weekday,Tuesday,Medium_Load,2018,1,January,9,16,0,Afternoon,2
2018-01-09 16:30:00,127.48,46.48,0.0,0.06,93.95,100.0,59400,Weekday,Tuesday,Medium_Load,2018,1,January,9,16,30,Afternoon,2
2018-01-09 19:30:00,123.34,48.2,0.0,0.06,93.14,100.0,70200,Weekday,Tuesday,Maximum_Load,2018,1,January,9,19,30,Evening,2
2018-01-10 09:00:00,124.31,50.26,0.0,0.06,92.71,100.0,32400,Weekday,Wednesday,Light_Load,2018,1,January,10,9,0,Morning,3
2018-01-10 09:30:00,126.04,45.61,0.0,0.06,94.03,100.0,34200,Weekday,Wednesday,Medium_Load,2018,1,January,10,9,30,Morning,3
2018-01-10 10:45:00,124.88,42.23,0.0,0.06,94.73,100.0,38700,Weekday,Wednesday,Maximum_Load,2018,1,January,10,10,45,Morning,3
2018-01-10 11:15:00,143.21,70.56,0.0,0.07,89.7,100.0,40500,Weekday,Wednesday,Maximum_Load,2018,1,January,10,11,15,Morning,3
2018-01-10 11:45:00,136.87,71.89,0.0,0.06,88.53,100.0,42300,Weekday,Wednesday,Maximum_Load,2018,1,January,10,11,45,Morning,3
2018-01-10 13:30:00,139.75,57.85,0.0,0.06,92.4,100.0,48600,Weekday,Wednesday,Medium_Load,2018,1,January,10,13,30,Afternoon,3
2018-01-10 17:00:00,126.18,43.27,0.0,0.06,94.59,100.0,61200,Weekday,Wednesday,Medium_Load,2018,1,January,10,17,0,Afternoon,3
2018-01-10 17:45:00,129.38,53.57,0.0,0.06,92.39,100.0,63900,Weekday,Wednesday,Maximum_Load,2018,1,January,10,17,45,Afternoon,3
2018-01-11 08:30:00,137.09,79.7,0.0,0.06,86.45,100.0,30600,Weekday,Thursday,Light_Load,2018,1,January,11,8,30,Morning,4
2018-01-11 09:00:00,124.63,53.14,0.0,0.06,91.99,100.0,32400,Weekday,Thursday,Light_Load,2018,1,January,11,9,0,Morning,4
2018-01-11 14:45:00,136.3,56.99,0.0,0.06,92.26,100.0,53100,Weekday,Thursday,Medium_Load,2018,1,January,11,14,45,Afternoon,4
2018-01-11 15:00:00,129.24,53.39,0.0,0.06,92.42,100.0,54000,Weekday,Thursday,Medium_Load,2018,1,January,11,15,0,Afternoon,4
2018-01-11 15:15:00,127.94,49.86,0.0,0.06,93.17,100.0,54900,Weekday,Thursday,Medium_Load,2018,1,January,11,15,15,Afternoon,4
2018-01-11 15:30:00,133.52,54.65,0.0,0.06,92.55,100.0,55800,Weekday,Thursday,Medium_Load,2018,1,January,11,15,30,Afternoon,4
2018-01-11 15:45:00,124.7,48.64,0.0,0.06,93.16,100.0,56700,Weekday,Thursday,Medium_Load,2018,1,January,11,15,45,Afternoon,4
2018-01-11 17:00:00,132.55,53.21,0.0,0.06,92.8,100.0,61200,Weekday,Thursday,Medium_Load,2018,1,January,11,17,0,Afternoon,4
2018-01-11 17:15:00,127.4,50.94,0.0,0.06,92.85,100.0,62100,Weekday,Thursday,Maximum_Load,2018,1,January,11,17,15,Afternoon,4
2018-01-11 18:30:00,132.77,70.99,0.0,0.06,88.19,100.0,66600,Weekday,Thursday,Maximum_Load,2018,1,January,11,18,30,Evening,4
2018-01-11 19:45:00,136.84,63.04,0.0,0.06,90.83,100.0,71100,Weekday,Thursday,Maximum_Load,2018,1,January,11,19,45,Evening,4
2018-01-11 20:30:00,124.99,54.25,0.0,0.06,91.73,100.0,73800,Weekday,Thursday,Medium_Load,2018,1,January,11,20,30,Evening,4
2018-01-12 09:15:00,130.18,50.08,0.0,0.06,93.33,100.0,33300,Weekday,Friday,Medium_Load,2018,1,January,12,9,15,Morning,5
2018-01-12 09:30:00,143.17,63.65,0.0,0.07,91.38,100.0,34200,Weekday,Friday,Medium_Load,2018,1,January,12,9,30,Morning,5
2018-01-12 14:15:00,128.56,57.28,0.0,0.06,91.34,100.0,51300,Weekday,Friday,Medium_Load,2018,1,January,12,14,15,Afternoon,5
2018-01-12 14:30:00,132.3,58.28,0.0,0.06,91.51,100.0,52200,Weekday,Friday,Medium_Load,2018,1,January,12,14,30,Afternoon,5
2018-01-12 15:15:00,128.02,62.82,0.0,0.06,89.77,100.0,54900,Weekday,Friday,Medium_Load,2018,1,January,12,15,15,Afternoon,5
2018-01-12 15:30:00,134.14,61.13,0.0,0.06,91.0,100.0,55800,Weekday,Friday,Medium_Load,2018,1,January,12,15,30,Afternoon,5
2018-01-12 17:30:00,131.33,57.56,0.0,0.06,91.59,100.0,63000,Weekday,Friday,Maximum_Load,2018,1,January,12,17,30,Afternoon,5
2018-01-15 13:30:00,146.27,76.79,0.0,0.07,88.54,100.0,48600,Weekday,Monday,Medium_Load,2018,1,January,15,13,30,Afternoon,1
2018-01-15 13:45:00,153.14,70.45,0.0,0.07,90.85,100.0,49500,Weekday,Monday,Medium_Load,2018,1,January,15,13,45,Afternoon,1
2018-01-15 14:00:00,124.34,62.57,0.0,0.06,89.33,100.0,50400,Weekday,Monday,Medium_Load,2018,1,January,15,14,0,Afternoon,1
2018-01-18 10:15:00,127.69,56.56,0.0,0.06,91.43,100.0,36900,Weekday,Thursday,Maximum_Load,2018,1,January,18,10,15,Morning,4
2018-01-18 10:30:00,132.91,53.32,0.0,0.06,92.81,100.0,37800,Weekday,Thursday,Maximum_Load,2018,1,January,18,10,30,Morning,4
2018-01-18 10:45:00,134.6,55.08,0.0,0.06,92.55,100.0,38700,Weekday,Thursday,Maximum_Load,2018,1,January,18,10,45,Morning,4
2018-01-18 11:00:00,135.4,62.21,0.0,0.06,90.87,100.0,39600,Weekday,Thursday,Maximum_Load,2018,1,January,18,11,0,Morning,4
2018-01-18 11:15:00,143.93,72.18,0.0,0.07,89.39,100.0,40500,Weekday,Thursday,Maximum_Load,2018,1,January,18,11,15,Morning,4
2018-01-18 11:30:00,131.04,79.09,0.0,0.06,85.61,100.0,41400,Weekday,Thursday,Maximum_Load,2018,1,January,18,11,30,Morning,4
2018-01-18 11:45:00,142.85,75.17,0.0,0.07,88.5,100.0,42300,Weekday,Thursday,Maximum_Load,2018,1,January,18,11,45,Morning,4
2018-01-18 12:00:00,146.48,84.89,0.0,0.07,86.52,100.0,43200,Weekday,Thursday,Maximum_Load,2018,1,January,18,12,0,Afternoon,4
2018-01-18 16:00:00,131.11,56.45,0.0,0.06,91.85,100.0,57600,Weekday,Thursday,Medium_Load,2018,1,January,18,16,0,Afternoon,4
2018-01-18 16:30:00,142.56,64.22,0.0,0.07,91.18,100.0,59400,Weekday,Thursday,Medium_Load,2018,1,January,18,16,30,Afternoon,4
2018-01-18 17:30:00,149.65,64.87,0.0,0.07,91.75,100.0,63000,Weekday,Thursday,Maximum_Load,2018,1,January,18,17,30,Afternoon,4
2018-01-18 18:30:00,136.76,75.06,0.0,0.06,87.66,100.0,66600,Weekday,Thursday,Maximum_Load,2018,1,January,18,18,30,Evening,4
2018-01-18 19:00:00,135.94,54.72,0.0,0.06,92.77,100.0,68400,Weekday,Thursday,Maximum_Load,2018,1,January,18,19,0,Evening,4
2018-01-18 19:30:00,133.2,56.88,0.0,0.06,91.97,100.0,70200,Weekday,Thursday,Maximum_Load,2018,1,January,18,19,30,Evening,4
2018-01-18 19:45:00,141.66,60.01,0.0,0.06,92.08,100.0,71100,Weekday,Thursday,Maximum_Load,2018,1,January,18,19,45,Evening,4
2018-01-19 13:45:00,126.11,48.1,0.0,0.06,93.43,100.0,49500,Weekday,Friday,Medium_Load,2018,1,January,19,13,45,Afternoon,5
2018-01-19 17:15:00,125.75,53.57,0.0,0.06,92.0,100.0,62100,Weekday,Friday,Maximum_Load,2018,1,January,19,17,15,Afternoon,5
2018-01-19 18:30:00,124.63,67.07,0.0,0.06,88.06,100.0,66600,Weekday,Friday,Maximum_Load,2018,1,January,19,18,30,Evening,5
2018-01-19 19:45:00,132.23,63.25,0.0,0.06,90.21,100.0,71100,Weekday,Friday,Maximum_Load,2018,1,January,19,19,45,Evening,5
2018-01-26 10:45:00,123.84,52.06,0.0,0.06,92.19,100.0,38700,Weekday,Friday,Maximum_Load,2018,1,January,26,10,45,Morning,5
2018-01-26 15:00:00,133.63,44.6,0.0,0.06,94.86,100.0,54000,Weekday,Friday,Medium_Load,2018,1,January,26,15,0,Afternoon,5
2018-01-26 16:15:00,133.78,45.72,0.0,0.06,94.63,100.0,58500,Weekday,Friday,Medium_Load,2018,1,January,26,16,15,Afternoon,5
2018-01-26 16:30:00,126.29,44.46,0.0,0.06,94.33,100.0,59400,Weekday,Friday,Medium_Load,2018,1,January,26,16,30,Afternoon,5
2018-01-26 17:00:00,134.89,45.0,0.0,0.06,94.86,100.0,61200,Weekday,Friday,Medium_Load,2018,1,January,26,17,0,Afternoon,5
2018-01-26 18:45:00,144.07,54.11,0.0,0.07,93.62,100.0,67500,Weekday,Friday,Maximum_Load,2018,1,January,26,18,45,Evening,5
2018-01-26 19:15:00,131.26,42.19,0.0,0.06,95.2,100.0,69300,Weekday,Friday,Maximum_Load,2018,1,January,26,19,15,Evening,5
2018-01-26 19:30:00,125.32,39.6,0.0,0.06,95.35,100.0,70200,Weekday,Friday,Maximum_Load,2018,1,January,26,19,30,Evening,5
2018-01-26 20:15:00,129.46,41.8,0.0,0.06,95.16,100.0,72900,Weekday,Friday,Medium_Load,2018,1,January,26,20,15,Evening,5
2018-01-29 11:45:00,139.79,75.96,0.0,0.06,87.87,100.0,42300,Weekday,Monday,Maximum_Load,2018,1,January,29,11,45,Morning,1
2018-01-29 14:15:00,124.52,47.12,0.0,0.06,93.53,100.0,51300,Weekday,Monday,Medium_Load,2018,1,January,29,14,15,Afternoon,1
2018-01-29 15:00:00,129.56,47.66,0.0,0.06,93.85,100.0,54000,Weekday,Monday,Medium_Load,2018,1,January,29,15,0,Afternoon,1
2018-01-29 16:45:00,129.13,46.58,0.0,0.06,94.07,100.0,60300,Weekday,Monday,Medium_Load,2018,1,January,29,16,45,Afternoon,1
2018-01-29 17:00:00,126.61,44.5,0.0,0.06,94.34,100.0,61200,Weekday,Monday,Medium_Load,2018,1,January,29,17,0,Afternoon,1
2018-01-29 17:30:00,142.67,56.09,0.0,0.07,93.07,100.0,63000,Weekday,Monday,Maximum_Load,2018,1,January,29,17,30,Afternoon,1
2018-01-29 18:45:00,138.2,63.4,0.0,0.06,90.89,100.0,67500,Weekday,Monday,Maximum_Load,2018,1,January,29,18,45,Evening,1
2018-01-29 19:00:00,127.33,52.85,0.0,0.06,92.36,100.0,68400,Weekday,Monday,Maximum_Load,2018,1,January,29,19,0,Evening,1
2018-01-29 19:30:00,136.73,60.48,0.0,0.06,91.45,100.0,70200,Weekday,Monday,Maximum_Load,2018,1,January,29,19,30,Evening,1
2018-01-29 20:15:00,142.7,58.93,0.0,0.07,92.43,100.0,72900,Weekday,Monday,Medium_Load,2018,1,January,29,20,15,Evening,1
2018-01-30 10:45:00,130.5,47.99,0.0,0.06,93.86,100.0,38700,Weekday,Tuesday,Maximum_Load,2018,1,January,30,10,45,Morning,2
2018-01-30 20:15:00,128.27,42.84,0.0,0.06,94.85,100.0,72900,Weekday,Tuesday,Medium_Load,2018,1,January,30,20,15,Evening,2
2018-01-31 11:00:00,133.31,51.41,0.0,0.06,93.3,100.0,39600,Weekday,Wednesday,Maximum_Load,2018,1,January,31,11,0,Morning,3
2018-01-31 11:30:00,135.22,70.7,0.0,0.06,88.62,100.0,41400,Weekday,Wednesday,Maximum_Load,2018,1,January,31,11,30,Morning,3
2018-01-31 13:45:00,123.88,44.75,0.0,0.06,94.05,100.0,49500,Weekday,Wednesday,Medium_Load,2018,1,January,31,13,45,Afternoon,3
2018-01-31 14:00:00,137.74,54.54,0.0,0.06,92.98,100.0,50400,Weekday,Wednesday,Medium_Load,2018,1,January,31,14,0,Afternoon,3
2018-01-31 14:30:00,143.82,56.56,0.0,0.07,93.06,100.0,52200,Weekday,Wednesday,Medium_Load,2018,1,January,31,14,30,Afternoon,3
2018-01-31 15:45:00,134.6,52.6,0.0,0.06,93.14,100.0,56700,Weekday,Wednesday,Medium_Load,2018,1,January,31,15,45,Afternoon,3
2018-01-31 16:00:00,124.88,49.32,0.0,0.06,93.01,100.0,57600,Weekday,Wednesday,Medium_Load,2018,1,January,31,16,0,Afternoon,3
2018-01-31 16:15:00,139.61,55.12,0.0,0.06,93.01,100.0,58500,Weekday,Wednesday,Medium_Load,2018,1,January,31,16,15,Afternoon,3
2018-01-31 16:45:00,136.08,53.75,0.0,0.06,93.01,100.0,60300,Weekday,Wednesday,Medium_Load,2018,1,January,31,16,45,Afternoon,3
2018-01-31 17:15:00,127.69,44.57,0.0,0.06,94.41,100.0,62100,Weekday,Wednesday,Maximum_Load,2018,1,January,31,17,15,Afternoon,3
2018-02-01 08:30:00,131.87,76.79,0.0,0.06,86.42,100.0,30600,Weekday,Thursday,Light_Load,2018,2,February,1,8,30,Morning,4
2018-02-01 09:00:00,124.45,51.23,0.0,0.06,92.47,100.0,32400,Weekday,Thursday,Light_Load,2018,2,February,1,9,0,Morning,4
2018-02-01 10:15:00,134.82,59.44,0.0,0.06,91.5,100.0,36900,Weekday,Thursday,Maximum_Load,2018,2,February,1,10,15,Morning,4
2018-02-01 10:45:00,136.37,60.48,0.0,0.06,91.41,100.0,38700,Weekday,Thursday,Maximum_Load,2018,2,February,1,10,45,Morning,4
2018-02-01 12:00:00,145.51,81.94,0.0,0.07,87.13,100.0,43200,Weekday,Thursday,Maximum_Load,2018,2,February,1,12,0,Afternoon,4
2018-02-01 13:45:00,127.8,55.55,0.0,0.06,91.71,100.0,49500,Weekday,Thursday,Medium_Load,2018,2,February,1,13,45,Afternoon,4
2018-02-01 14:15:00,140.04,64.22,0.0,0.06,90.9,100.0,51300,Weekday,Thursday,Medium_Load,2018,2,February,1,14,15,Afternoon,4
2018-02-05 11:30:00,125.39,63.68,0.0,0.06,89.16,100.0,41400,Weekday,Monday,Maximum_Load,2018,2,February,5,11,30,Morning,1
2018-02-05 14:15:00,124.42,39.92,0.0,0.06,95.22,100.0,51300,Weekday,Monday,Medium_Load,2018,2,February,5,14,15,Afternoon,1
2018-02-06 09:00:00,126.79,52.96,0.0,0.06,92.27,100.0,32400,Weekday,Tuesday,Light_Load,2018,2,February,6,9,0,Morning,2
2018-02-06 09:45:00,125.24,46.73,0.0,0.06,93.69,100.0,35100,Weekday,Tuesday,Medium_Load,2018,2,February,6,9,45,Morning,2
2018-02-06 11:45:00,131.65,67.75,0.0,0.06,88.92,100.0,42300,Weekday,Tuesday,Maximum_Load,2018,2,February,6,11,45,Morning,2
2018-02-06 12:00:00,124.42,68.76,0.0,0.06,87.52,100.0,43200,Weekday,Tuesday,Maximum_Load,2018,2,February,6,12,0,Afternoon,2
2018-02-06 13:30:00,127.19,52.67,0.0,0.06,92.39,100.0,48600,Weekday,Tuesday,Medium_Load,2018,2,February,6,13,30,Afternoon,2
2018-02-06 13:45:00,125.57,44.89,0.0,0.06,94.16,100.0,49500,Weekday,Tuesday,Medium_Load,2018,2,February,6,13,45,Afternoon,2
2018-02-08 14:15:00,124.63,55.33,0.0,0.06,91.4,100.0,51300,Weekday,Thursday,Medium_Load,2018,2,February,8,14,15,Afternoon,4
2018-02-08 17:00:00,130.79,48.85,0.0,0.06,93.68,100.0,61200,Weekday,Thursday,Medium_Load,2018,2,February,8,17,0,Afternoon,4
2018-02-09 15:00:00,130.18,54.54,0.0,0.06,92.23,100.0,54000,Weekday,Friday,Medium_Load,2018,2,February,9,15,0,Afternoon,5
2018-02-09 15:45:00,138.64,58.79,0.0,0.06,92.06,100.0,56700,Weekday,Friday,Medium_Load,2018,2,February,9,15,45,Afternoon,5
2018-02-12 09:00:00,128.99,57.6,0.0,0.06,91.31,100.0,32400,Weekday,Monday,Light_Load,2018,2,February,12,9,0,Morning,1
2018-02-12 09:45:00,131.33,56.12,0.0,0.06,91.96,100.0,35100,Weekday,Monday,Medium_Load,2018,2,February,12,9,45,Morning,1
2018-02-12 10:15:00,127.87,57.13,0.0,0.06,91.3,100.0,36900,Weekday,Monday,Maximum_Load,2018,2,February,12,10,15,Morning,1
2018-02-12 10:30:00,134.21,61.45,0.0,0.06,90.92,100.0,37800,Weekday,Monday,Maximum_Load,2018,2,February,12,10,30,Morning,1
2018-02-12 13:45:00,128.34,54.18,0.0,0.06,92.13,100.0,49500,Weekday,Monday,Medium_Load,2018,2,February,12,13,45,Afternoon,1
2018-02-13 13:30:00,125.03,40.5,0.0,0.06,95.13,100.0,48600,Weekday,Tuesday,Medium_Load,2018,2,February,13,13,30,Afternoon,2
2018-02-13 14:00:00,124.09,36.43,0.0,0.06,95.95,100.0,50400,Weekday,Tuesday,Medium_Load,2018,2,February,13,14,0,Afternoon,2
2018-02-20 09:15:00,140.9,52.52,0.0,0.06,93.7,100.0,33300,Weekday,Tuesday,Medium_Load,2018,2,February,20,9,15,Morning,2
2018-02-20 10:15:00,134.46,53.35,0.0,0.06,92.95,100.0,36900,Weekday,Tuesday,Maximum_Load,2018,2,February,20,10,15,Morning,2
2018-02-21 14:30:00,134.71,56.77,0.0,0.06,92.15,100.0,52200,Weekday,Wednesday,Medium_Load,2018,2,February,21,14,30,Afternoon,3
2018-02-21 15:15:00,132.52,56.45,0.0,0.06,92.0,100.0,54900,Weekday,Wednesday,Medium_Load,2018,2,February,21,15,15,Afternoon,3
2018-02-21 16:00:00,124.42,47.88,0.0,0.06,93.33,100.0,57600,Weekday,Wednesday,Medium_Load,2018,2,February,21,16,0,Afternoon,3
2018-02-21 16:30:00,132.62,54.76,0.0,0.06,92.43,100.0,59400,Weekday,Wednesday,Medium_Load,2018,2,February,21,16,30,Afternoon,3
2018-02-22 09:00:00,140.29,67.93,0.0,0.06,90.0,100.0,32400,Weekday,Thursday,Light_Load,2018,2,February,22,9,0,Morning,4
2018-02-22 10:15:00,123.3,51.34,0.0,0.06,92.32,100.0,36900,Weekday,Thursday,Maximum_Load,2018,2,February,22,10,15,Morning,4
2018-02-22 18:30:00,131.54,72.9,0.0,0.06,87.47,100.0,66600,Weekday,Thursday,Maximum_Load,2018,2,February,22,18,30,Evening,4
2018-02-22 19:15:00,130.86,56.52,0.0,0.06,91.8,100.0,69300,Weekday,Thursday,Maximum_Load,2018,2,February,22,19,15,Evening,4
2018-02-23 09:00:00,135.14,65.95,0.0,0.06,89.87,100.0,32400,Weekday,Friday,Light_Load,2018,2,February,23,9,0,Morning,5
2018-02-23 09:45:00,123.34,52.24,0.0,0.06,92.08,100.0,35100,Weekday,Friday,Medium_Load,2018,2,February,23,9,45,Morning,5
2018-02-23 12:00:00,125.6,67.79,0.0,0.06,88.0,100.0,43200,Weekday,Friday,Maximum_Load,2018,2,February,23,12,0,Afternoon,5
2018-02-23 14:15:00,138.06,57.13,0.0,0.06,92.4,100.0,51300,Weekday,Friday,Medium_Load,2018,2,February,23,14,15,Afternoon,5
2018-02-27 20:45:00,126.97,54.36,0.0,0.06,91.93,100.0,74700,Weekday,Tuesday,Medium_Load,2018,2,February,27,20,45,Evening,2
2018-02-28 09:45:00,127.91,58.0,0.0,0.06,91.07,100.0,35100,Weekday,Wednesday,Medium_Load,2018,2,February,28,9,45,Morning,3
2018-02-28 10:30:00,134.53,58.79,0.0,0.06,91.63,100.0,37800,Weekday,Wednesday,Maximum_Load,2018,2,February,28,10,30,Morning,3
2018-02-28 15:30:00,127.76,60.37,0.0,0.06,90.41,100.0,55800,Weekday,Wednesday,Medium_Load,2018,2,February,28,15,30,Afternoon,3
2018-02-28 16:45:00,126.29,54.61,0.0,0.06,91.79,100.0,60300,Weekday,Wednesday,Medium_Load,2018,2,February,28,16,45,Afternoon,3
2018-02-28 18:30:00,135.9,71.35,0.0,0.06,88.54,100.0,66600,Weekday,Wednesday,Maximum_Load,2018,2,February,28,18,30,Evening,3
2018-02-28 19:15:00,134.6,55.37,0.0,0.06,92.48,100.0,69300,Weekday,Wednesday,Maximum_Load,2018,2,February,28,19,15,Evening,3
2018-03-05 14:30:00,123.66,47.41,0.0,0.06,93.37,100.0,52200,Weekday,Monday,Maximum_Load,2018,3,March,5,14,30,Afternoon,1
2018-03-05 16:00:00,146.88,70.49,0.0,0.07,90.16,100.0,57600,Weekday,Monday,Maximum_Load,2018,3,March,5,16,0,Afternoon,1
2018-03-06 09:45:00,128.41,46.4,0.0,0.06,94.05,100.0,35100,Weekday,Tuesday,Medium_Load,2018,3,March,6,9,45,Morning,2
2018-03-07 15:15:00,127.12,53.86,0.0,0.06,92.08,100.0,54900,Weekday,Wednesday,Maximum_Load,2018,3,March,7,15,15,Afternoon,3
2018-03-15 09:00:00,123.44,56.3,0.0,0.06,90.98,100.0,32400,Weekday,Thursday,Light_Load,2018,3,March,15,9,0,Morning,4
2018-03-15 10:30:00,125.1,50.22,0.0,0.06,92.8,100.0,37800,Weekday,Thursday,Maximum_Load,2018,3,March,15,10,30,Morning,4
2018-03-15 13:45:00,127.37,53.89,0.0,0.06,92.1,100.0,49500,Weekday,Thursday,Maximum_Load,2018,3,March,15,13,45,Afternoon,4
2018-03-15 15:00:00,127.69,53.86,0.0,0.06,92.14,100.0,54000,Weekday,Thursday,Maximum_Load,2018,3,March,15,15,0,Afternoon,4
2018-03-19 10:00:00,130.21,55.94,0.0,0.06,91.88,100.0,36000,Weekday,Monday,Medium_Load,2018,3,March,19,10,0,Morning,1
2018-03-22 08:30:00,134.46,79.31,0.0,0.06,86.13,100.0,30600,Weekday,Thursday,Light_Load,2018,3,March,22,8,30,Morning,4
2018-03-22 09:00:00,130.68,54.65,0.0,0.06,92.26,100.0,32400,Weekday,Thursday,Light_Load,2018,3,March,22,9,0,Morning,4
2018-03-22 09:30:00,138.35,57.6,0.0,0.06,92.32,100.0,34200,Weekday,Thursday,Medium_Load,2018,3,March,22,9,30,Morning,4
2018-03-23 08:45:00,125.35,73.87,0.0,0.06,86.15,100.0,31500,Weekday,Friday,Light_Load,2018,3,March,23,8,45,Morning,5
2018-03-23 09:15:00,151.31,65.2,0.0,0.07,91.84,100.0,33300,Weekday,Friday,Medium_Load,2018,3,March,23,9,15,Morning,5
2018-03-23 10:00:00,126.65,52.27,0.0,0.06,92.44,100.0,36000,Weekday,Friday,Medium_Load,2018,3,March,23,10,0,Morning,5
2018-03-23 12:00:00,138.78,82.94,0.0,0.06,85.84,100.0,43200,Weekday,Friday,Maximum_Load,2018,3,March,23,12,0,Afternoon,5
2018-03-23 14:30:00,127.51,53.78,0.0,0.06,92.14,100.0,52200,Weekday,Friday,Maximum_Load,2018,3,March,23,14,30,Afternoon,5
2018-03-23 15:00:00,142.78,67.32,0.0,0.07,90.45,100.0,54000,Weekday,Friday,Maximum_Load,2018,3,March,23,15,0,Afternoon,5
2018-03-23 16:15:00,133.63,49.25,0.0,0.06,93.83,100.0,58500,Weekday,Friday,Maximum_Load,2018,3,March,23,16,15,Afternoon,5
2018-03-23 17:00:00,127.01,41.04,0.0,0.06,95.16,100.0,61200,Weekday,Friday,Maximum_Load,2018,3,March,23,17,0,Afternoon,5
2018-03-23 18:30:00,137.41,70.34,0.0,0.06,89.02,100.0,66600,Weekday,Friday,Medium_Load,2018,3,March,23,18,30,Evening,5
2018-04-12 08:45:00,125.89,82.26,0.0,0.06,83.71,100.0,31500,Weekday,Thursday,Light_Load,2018,4,April,12,8,45,Morning,4
2018-04-17 12:00:00,124.74,70.85,0.0,0.06,86.95,100.0,43200,Weekday,Tuesday,Maximum_Load,2018,4,April,17,12,0,Afternoon,2
2018-04-17 19:00:00,127.4,55.22,0.0,0.06,91.75,100.0,68400,Weekday,Tuesday,Medium_Load,2018,4,April,17,19,0,Evening,2
2018-04-17 19:30:00,127.73,63.86,0.0,0.06,89.44,100.0,70200,Weekday,Tuesday,Medium_Load,2018,4,April,17,19,30,Evening,2
2018-04-20 17:30:00,124.7,50.47,0.0,0.06,92.7,100.0,63000,Weekday,Friday,Medium_Load,2018,4,April,20,17,30,Afternoon,5
2018-04-26 08:30:00,128.05,96.91,0.0,0.06,79.74,100.0,30600,Weekday,Thursday,Light_Load,2018,4,April,26,8,30,Morning,4
2018-04-26 10:00:00,132.41,58.36,0.0,0.06,91.51,100.0,36000,Weekday,Thursday,Medium_Load,2018,4,April,26,10,0,Morning,4
2018-04-26 12:00:00,129.6,71.46,0.0,0.06,87.57,100.0,43200,Weekday,Thursday,Maximum_Load,2018,4,April,26,12,0,Afternoon,4
2018-04-26 19:00:00,129.78,58.28,0.0,0.06,91.22,100.0,68400,Weekday,Thursday,Medium_Load,2018,4,April,26,19,0,Evening,4
2018-04-30 09:00:00,139.03,72.4,0.0,0.06,88.69,100.0,32400,Weekday,Monday,Light_Load,2018,4,April,30,9,0,Morning,1
2018-05-02 08:45:00,123.8,85.5,0.0,0.06,82.28,100.0,31500,Weekday,Wednesday,Light_Load,2018,5,May,2,8,45,Morning,3
2018-05-02 09:30:00,128.95,63.36,0.0,0.06,89.75,100.0,34200,Weekday,Wednesday,Medium_Load,2018,5,May,2,9,30,Morning,3
2018-05-02 12:00:00,129.46,75.28,0.0,0.06,86.45,100.0,43200,Weekday,Wednesday,Maximum_Load,2018,5,May,2,12,0,Afternoon,3
2018-05-03 10:00:00,137.38,61.52,0.0,0.06,91.27,100.0,36000,Weekday,Thursday,Medium_Load,2018,5,May,3,10,0,Morning,4
2018-05-03 11:30:00,131.54,70.99,0.0,0.06,88.0,100.0,41400,Weekday,Thursday,Maximum_Load,2018,5,May,3,11,30,Morning,4
2018-05-07 11:00:00,129.6,52.88,0.0,0.06,92.59,100.0,39600,Weekday,Monday,Maximum_Load,2018,5,May,7,11,0,Morning,1
2018-05-07 11:30:00,131.33,75.78,0.0,0.06,86.61,100.0,41400,Weekday,Monday,Maximum_Load,2018,5,May,7,11,30,Morning,1
2018-05-07 20:30:00,128.48,58.54,0.0,0.06,91.0,100.0,73800,Weekday,Monday,Medium_Load,2018,5,May,7,20,30,Evening,1
2018-05-08 09:00:00,130.32,64.87,0.0,0.06,89.52,100.0,32400,Weekday,Tuesday,Light_Load,2018,5,May,8,9,0,Morning,2
2018-05-08 10:00:00,131.8,59.87,0.0,0.06,91.05,100.0,36000,Weekday,Tuesday,Medium_Load,2018,5,May,8,10,0,Morning,2
2018-05-08 10:45:00,140.04,63.25,0.0,0.06,91.14,100.0,38700,Weekday,Tuesday,Maximum_Load,2018,5,May,8,10,45,Morning,2
2018-05-16 13:45:00,124.88,57.28,0.0,0.06,90.89,100.0,49500,Weekday,Wednesday,Maximum_Load,2018,5,May,16,13,45,Afternoon,3
2018-05-16 14:45:00,125.39,52.31,0.0,0.06,92.29,100.0,53100,Weekday,Wednesday,Maximum_Load,2018,5,May,16,14,45,Afternoon,3
2018-05-16 15:45:00,126.07,56.99,0.0,0.06,91.12,100.0,56700,Weekday,Wednesday,Maximum_Load,2018,5,May,16,15,45,Afternoon,3
2018-05-17 11:45:00,125.68,80.75,0.0,0.06,84.13,100.0,42300,Weekday,Thursday,Maximum_Load,2018,5,May,17,11,45,Morning,4
2018-05-17 13:45:00,133.78,67.21,0.0,0.06,89.36,100.0,49500,Weekday,Thursday,Maximum_Load,2018,5,May,17,13,45,Afternoon,4
2018-05-17 16:15:00,123.84,53.39,0.0,0.06,91.83,100.0,58500,Weekday,Thursday,Maximum_Load,2018,5,May,17,16,15,Afternoon,4
2018-05-23 09:00:00,124.13,58.57,0.0,0.06,90.44,100.0,32400,Weekday,Wednesday,Light_Load,2018,5,May,23,9,0,Morning,3
2018-05-23 14:00:00,130.57,65.84,0.0,0.06,89.29,100.0,50400,Weekday,Wednesday,Maximum_Load,2018,5,May,23,14,0,Afternoon,3
2018-05-23 15:00:00,133.06,61.96,0.0,0.06,90.65,100.0,54000,Weekday,Wednesday,Maximum_Load,2018,5,May,23,15,0,Afternoon,3
2018-05-23 16:00:00,124.13,57.46,0.0,0.06,90.75,100.0,57600,Weekday,Wednesday,Maximum_Load,2018,5,May,23,16,0,Afternoon,3
2018-05-23 17:15:00,129.6,61.7,0.0,0.06,90.29,100.0,62100,Weekday,Wednesday,Medium_Load,2018,5,May,23,17,15,Afternoon,3
2018-05-24 16:15:00,134.89,68.15,0.0,0.06,89.26,100.0,58500,Weekday,Thursday,Maximum_Load,2018,5,May,24,16,15,Afternoon,4
2018-05-31 09:00:00,133.13,71.78,0.0,0.06,88.02,100.0,32400,Weekday,Thursday,Light_Load,2018,5,May,31,9,0,Morning,4
2018-06-05 13:30:00,124.45,64.04,0.0,0.06,88.92,100.0,48600,Weekday,Tuesday,Maximum_Load,2018,6,June,5,13,30,Afternoon,2
2018-06-05 15:45:00,125.6,56.66,0.0,0.06,91.15,100.0,56700,Weekday,Tuesday,Maximum_Load,2018,6,June,5,15,45,Afternoon,2
2018-06-05 18:30:00,125.39,75.24,0.0,0.06,85.75,100.0,66600,Weekday,Tuesday,Medium_Load,2018,6,June,5,18,30,Evening,2
2018-06-05 19:30:00,124.27,59.11,0.0,0.06,90.3,100.0,70200,Weekday,Tuesday,Medium_Load,2018,6,June,5,19,30,Evening,2
2018-06-06 15:15:00,123.62,67.54,0.0,0.06,87.76,100.0,54900,Weekday,Wednesday,Maximum_Load,2018,6,June,6,15,15,Afternoon,3
2018-06-06 16:45:00,126.0,69.16,0.0,0.06,87.66,100.0,60300,Weekday,Wednesday,Maximum_Load,2018,6,June,6,16,45,Afternoon,3
2018-06-06 17:45:00,127.48,53.96,0.0,0.06,92.09,100.0,63900,Weekday,Wednesday,Medium_Load,2018,6,June,6,17,45,Afternoon,3
2018-06-11 11:15:00,133.85,81.18,0.0,0.06,85.5,100.0,40500,Weekday,Monday,Maximum_Load,2018,6,June,11,11,15,Morning,1
2018-06-11 19:45:00,124.49,55.3,0.0,0.06,91.39,100.0,71100,Weekday,Monday,Medium_Load,2018,6,June,11,19,45,Evening,1
2018-08-09 11:15:00,126.29,80.46,0.0,0.06,84.34,100.0,40500,Weekday,Thursday,Maximum_Load,2018,8,August,9,11,15,Morning,4
2018-08-09 14:00:00,133.06,68.11,0.0,0.06,89.02,100.0,50400,Weekday,Thursday,Maximum_Load,2018,8,August,9,14,0,Afternoon,4
2018-08-10 13:30:00,123.8,62.24,0.0,0.06,89.34,100.0,48600,Weekday,Friday,Maximum_Load,2018,8,August,10,13,30,Afternoon,5
2018-08-10 15:45:00,131.0,62.42,0.0,0.06,90.28,100.0,56700,Weekday,Friday,Maximum_Load,2018,8,August,10,15,45,Afternoon,5
2018-08-20 09:00:00,127.66,76.36,0.0,0.06,85.82,100.0,32400,Weekday,Monday,Light_Load,2018,8,August,20,9,0,Morning,1
2018-08-20 11:00:00,133.7,72.58,0.0,0.06,87.89,100.0,39600,Weekday,Monday,Maximum_Load,2018,8,August,20,11,0,Morning,1
2018-09-11 10:15:00,125.46,66.17,0.0,0.06,88.45,100.0,36900,Weekday,Tuesday,Maximum_Load,2018,9,September,11,10,15,Morning,2
2018-09-11 14:00:00,125.89,67.93,0.0,0.06,88.01,100.0,50400,Weekday,Tuesday,Maximum_Load,2018,9,September,11,14,0,Afternoon,2
2018-09-12 08:30:00,126.25,87.59,0.0,0.06,82.16,100.0,30600,Weekday,Wednesday,Light_Load,2018,9,September,12,8,30,Morning,3
2018-09-13 10:15:00,123.55,67.03,0.0,0.06,87.9,100.0,36900,Weekday,Thursday,Maximum_Load,2018,9,September,13,10,15,Morning,4
2018-09-27 14:30:00,127.62,71.06,0.0,0.06,87.37,100.0,52200,Weekday,Thursday,Maximum_Load,2018,9,September,27,14,30,Afternoon,4
2018-10-02 19:30:00,128.12,86.94,0.0,0.06,82.75,100.0,70200,Weekday,Tuesday,Medium_Load,2018,10,October,2,19,30,Evening,2
2018-10-02 20:30:00,128.66,73.22,0.0,0.06,86.91,100.0,73800,Weekday,Tuesday,Medium_Load,2018,10,October,2,20,30,Evening,2
2018-10-11 08:45:00,136.01,93.2,0.0,0.06,82.49,100.0,31500,Weekday,Thursday,Light_Load,2018,10,October,11,8,45,Morning,4
2018-10-11 09:15:00,138.02,73.91,0.0,0.06,88.16,100.0,33300,Weekday,Thursday,Medium_Load,2018,10,October,11,9,15,Morning,4
2018-10-11 11:15:00,137.16,73.48,0.0,0.06,88.15,100.0,40500,Weekday,Thursday,Maximum_Load,2018,10,October,11,11,15,Morning,4
2018-10-15 11:00:00,123.98,61.45,0.0,0.06,89.6,100.0,39600,Weekday,Monday,Maximum_Load,2018,10,October,15,11,0,Morning,1
2018-10-15 11:30:00,125.21,62.96,0.0,0.06,89.34,100.0,41400,Weekday,Monday,Maximum_Load,2018,10,October,15,11,30,Morning,1
2018-10-15 15:15:00,135.54,82.4,0.0,0.06,85.45,100.0,54900,Weekday,Monday,Maximum_Load,2018,10,October,15,15,15,Afternoon,1
2018-10-17 10:00:00,125.35,64.87,0.0,0.06,88.81,100.0,36000,Weekday,Wednesday,Medium_Load,2018,10,October,17,10,0,Morning,3
2018-10-17 11:00:00,127.04,60.7,0.0,0.06,90.23,100.0,39600,Weekday,Wednesday,Maximum_Load,2018,10,October,17,11,0,Morning,3
2018-10-18 13:45:00,128.88,64.94,0.0,0.06,89.3,100.0,49500,Weekday,Thursday,Maximum_Load,2018,10,October,18,13,45,Afternoon,4
2018-10-23 18:30:00,125.28,80.46,0.0,0.06,84.14,100.0,66600,Weekday,Tuesday,Medium_Load,2018,10,October,23,18,30,Evening,2
2018-10-24 10:30:00,129.85,63.29,0.0,0.06,89.89,100.0,37800,Weekday,Wednesday,Maximum_Load,2018,10,October,24,10,30,Morning,3
2018-10-29 16:30:00,134.6,66.24,0.0,0.06,89.72,100.0,59400,Weekday,Monday,Maximum_Load,2018,10,October,29,16,30,Afternoon,1
2018-10-31 09:00:00,139.43,74.12,0.0,0.06,88.3,100.0,32400,Weekday,Wednesday,Light_Load,2018,10,October,31,9,0,Morning,3
2018-10-31 10:00:00,124.85,62.75,0.0,0.06,89.35,100.0,36000,Weekday,Wednesday,Medium_Load,2018,10,October,31,10,0,Morning,3
2018-11-12 20:00:00,123.73,51.66,0.0,0.06,92.28,100.0,72000,Weekday,Monday,Maximum_Load,2018,11,November,12,20,0,Evening,1
2018-11-13 09:00:00,130.46,57.89,0.0,0.06,91.41,100.0,32400,Weekday,Tuesday,Light_Load,2018,11,November,13,9,0,Morning,2
2018-11-14 08:45:00,123.77,79.63,0.0,0.06,84.1,100.0,31500,Weekday,Wednesday,Light_Load,2018,11,November,14,8,45,Morning,3
2018-11-15 09:30:00,123.48,53.89,0.0,0.06,91.65,100.0,34200,Weekday,Thursday,Medium_Load,2018,11,November,15,9,30,Morning,4
2018-11-15 11:15:00,123.98,62.57,0.0,0.06,89.28,100.0,40500,Weekday,Thursday,Maximum_Load,2018,11,November,15,11,15,Morning,4
2018-11-15 13:45:00,125.71,57.78,0.0,0.06,90.86,100.0,49500,Weekday,Thursday,Medium_Load,2018,11,November,15,13,45,Afternoon,4
2018-11-17 09:45:00,123.62,48.74,0.0,0.06,93.03,100.0,35100,Weekend,Saturday,Medium_Load,2018,11,November,17,9,45,Morning,6
2018-11-17 11:45:00,127.98,58.43,0.0,0.06,90.97,100.0,42300,Weekend,Saturday,Maximum_Load,2018,11,November,17,11,45,Morning,6
2018-11-17 15:00:00,133.42,70.56,0.0,0.06,88.4,100.0,54000,Weekend,Saturday,Medium_Load,2018,11,November,17,15,0,Afternoon,6
2018-11-17 15:45:00,132.3,70.06,0.0,0.06,88.37,100.0,56700,Weekend,Saturday,Medium_Load,2018,11,November,17,15,45,Afternoon,6
2018-11-17 16:30:00,128.16,69.48,0.0,0.06,87.91,100.0,59400,Weekend,Saturday,Medium_Load,2018,11,November,17,16,30,Afternoon,6
2018-11-21 15:00:00,127.33,50.62,0.0,0.06,92.93,100.0,54000,Weekday,Wednesday,Medium_Load,2018,11,November,21,15,0,Afternoon,3
2018-11-21 17:15:00,126.22,47.02,0.0,0.06,93.71,100.0,62100,Weekday,Wednesday,Maximum_Load,2018,11,November,21,17,15,Afternoon,3
2018-11-21 18:30:00,127.4,62.96,0.0,0.06,89.65,100.0,66600,Weekday,Wednesday,Maximum_Load,2018,11,November,21,18,30,Evening,3
2018-11-22 09:00:00,124.49,51.73,0.0,0.06,92.34,100.0,32400,Weekday,Thursday,Light_Load,2018,11,November,22,9,0,Morning,4
2018-11-22 09:15:00,139.61,55.51,0.0,0.06,92.92,100.0,33300,Weekday,Thursday,Medium_Load,2018,11,November,22,9,15,Morning,4
2018-11-22 09:45:00,157.18,77.72,0.0,0.07,89.64,100.0,35100,Weekday,Thursday,Medium_Load,2018,11,November,22,9,45,Morning,4
2018-11-22 10:00:00,136.4,59.9,0.0,0.06,91.56,100.0,36000,Weekday,Thursday,Medium_Load,2018,11,November,22,10,0,Morning,4
2018-11-22 10:15:00,139.57,58.9,0.0,0.06,92.13,100.0,36900,Weekday,Thursday,Maximum_Load,2018,11,November,22,10,15,Morning,4
2018-11-22 11:00:00,133.13,54.61,0.0,0.06,92.52,100.0,39600,Weekday,Thursday,Maximum_Load,2018,11,November,22,11,0,Morning,4
2018-11-22 11:15:00,134.6,67.21,0.0,0.06,89.47,100.0,40500,Weekday,Thursday,Maximum_Load,2018,11,November,22,11,15,Morning,4
2018-11-27 09:45:00,126.43,56.84,0.0,0.06,91.21,100.0,35100,Weekday,Tuesday,Medium_Load,2018,11,November,27,9,45,Morning,2
2018-11-27 10:15:00,129.2,56.81,0.0,0.06,91.54,100.0,36900,Weekday,Tuesday,Maximum_Load,2018,11,November,27,10,15,Morning,2
2018-11-27 10:30:00,131.8,56.59,0.0,0.06,91.89,100.0,37800,Weekday,Tuesday,Maximum_Load,2018,11,November,27,10,30,Morning,2
2018-11-27 10:45:00,133.42,60.23,0.0,0.06,91.14,100.0,38700,Weekday,Tuesday,Maximum_Load,2018,11,November,27,10,45,Morning,2
2018-11-27 11:00:00,151.67,69.73,0.0,0.07,90.86,100.0,39600,Weekday,Tuesday,Maximum_Load,2018,11,November,27,11,0,Morning,2
2018-11-27 11:15:00,126.11,57.74,0.0,0.06,90.92,100.0,40500,Weekday,Tuesday,Maximum_Load,2018,11,November,27,11,15,Morning,2
2018-11-27 11:30:00,145.01,62.71,0.0,0.07,91.79,100.0,41400,Weekday,Tuesday,Maximum_Load,2018,11,November,27,11,30,Morning,2
2018-11-27 11:45:00,123.8,57.89,0.0,0.06,90.59,100.0,42300,Weekday,Tuesday,Maximum_Load,2018,11,November,27,11,45,Morning,2
2018-11-27 13:45:00,132.59,60.12,0.0,0.06,91.07,100.0,49500,Weekday,Tuesday,Medium_Load,2018,11,November,27,13,45,Afternoon,2
2018-11-27 14:00:00,126.68,55.12,0.0,0.06,91.7,100.0,50400,Weekday,Tuesday,Medium_Load,2018,11,November,27,14,0,Afternoon,2
2018-11-29 09:45:00,128.41,49.46,0.0,0.06,93.32,100.0,35100,Weekday,Thursday,Medium_Load,2018,11,November,29,9,45,Morning,4
2018-12-14 09:00:00,134.5,63.47,0.0,0.06,90.44,100.0,32400,Weekday,Friday,Light_Load,2018,12,December,14,9,0,Morning,5
2018-12-14 09:45:00,128.34,57.17,0.0,0.06,91.35,100.0,35100,Weekday,Friday,Medium_Load,2018,12,December,14,9,45,Morning,5
2018-12-14 11:30:00,124.2,60.37,0.0,0.06,89.94,100.0,41400,Weekday,Friday,Maximum_Load,2018,12,December,14,11,30,Morning,5
2018-12-14 12:00:00,132.01,62.28,0.0,0.06,90.44,100.0,43200,Weekday,Friday,Maximum_Load,2018,12,December,14,12,0,Afternoon,5
2018-12-14 15:15:00,125.21,61.81,0.0,0.06,89.67,100.0,54900,Weekday,Friday,Medium_Load,2018,12,December,14,15,15,Afternoon,5
2018-12-14 16:45:00,133.2,65.84,0.0,0.06,89.65,100.0,60300,Weekday,Friday,Medium_Load,2018,12,December,14,16,45,Afternoon,5
2018-12-18 16:45:00,127.58,56.34,0.0,0.06,91.48,100.0,60300,Weekday,Tuesday,Medium_Load,2018,12,December,18,16,45,Afternoon,2
2018-12-19 11:15:00,140.8,69.77,0.0,0.06,89.6,100.0,40500,Weekday,Wednesday,Maximum_Load,2018,12,December,19,11,15,Morning,3
2018-12-19 14:15:00,149.18,74.56,0.0,0.07,89.45,100.0,51300,Weekday,Wednesday,Medium_Load,2018,12,December,19,14,15,Afternoon,3
2018-12-19 15:00:00,145.22,70.67,0.0,0.07,89.92,100.0,54000,Weekday,Wednesday,Medium_Load,2018,12,December,19,15,0,Afternoon,3
2018-12-19 15:30:00,130.46,60.23,0.0,0.06,90.79,100.0,55800,Weekday,Wednesday,Medium_Load,2018,12,December,19,15,30,Afternoon,3
2018-12-19 16:00:00,125.21,58.43,0.0,0.06,90.62,100.0,57600,Weekday,Wednesday,Medium_Load,2018,12,December,19,16,0,Afternoon,3
2018-12-19 16:15:00,133.56,64.4,0.0,0.06,90.08,100.0,58500,Weekday,Wednesday,Medium_Load,2018,12,December,19,16,15,Afternoon,3
2018-12-19 17:00:00,125.5,50.69,0.0,0.06,92.72,100.0,61200,Weekday,Wednesday,Medium_Load,2018,12,December,19,17,0,Afternoon,3
